{"train_total_loss": 1.2255859375, "_runtime": 64, "_timestamp": 1675859954, "_step": 7, "train_loss_imgs": 1.1044921875, "train_loss_texts": 1.3466796875, "lr": 0.0}